Suite/Test/Step Name,Browser,Description,Tag,Start time,End time,Duration,Status
TL_Cura_appointment confirmation_Testsuite_001,Chrome 121.0.0.0,,,10-02-2024 17:37:16,10-02-2024 17:38:55,1m - 38.567s,FAILED
,,,,,,,
Test Cases/Test Listener/TC_TL_Appointment-confirmation_001,Chrome 121.0.0.0,,,10-02-2024 17:38:54,10-02-2024 17:38:55,0.467s,FAILED
Start listener action : sampleBeforeTestCase,Chrome 121.0.0.0,,,10-02-2024 17:38:54,10-02-2024 17:38:54,0.100s,ERROR
Start listener action : sampleBeforeTestCase,Chrome 121.0.0.0,,,10-02-2024 17:38:54,10-02-2024 17:38:54,0.092s,ERROR
"selectOptionByLabel(findTestObject(""Object Repository/TL_appointment-confirmation_OR/Page_CURA Healthcare Service/select_Tokyo CURA Healthcare Center        _5b4107""), ""Hongkong CURA Healthcare Center"", true)",Chrome 121.0.0.0,,,10-02-2024 17:38:54,10-02-2024 17:38:55,0.090s,FAILED
Start listener action : sampleAfterTestCase,Chrome 121.0.0.0,,,10-02-2024 17:38:55,10-02-2024 17:38:55,0.082s,ERROR
Start listener action : sampleAfterTestCase,Chrome 121.0.0.0,,,10-02-2024 17:38:55,10-02-2024 17:38:55,0.078s,ERROR
